name,schema,description
dead81.csv,schema.csv,dead81
dead82.csv,schema.csv,dead82
dead83.csv,schema.csv,dead83
dead84.csv,schema.csv,dead84
dead85.csv,schema.csv,dead85
dead86.csv,schema.csv,dead86
dead87.csv,schema.csv,dead87
dead88.csv,schema.csv,dead88
dead89.csv,schema.csv,dead89
dead90.csv,schema.csv,dead90
dead91.csv,schema.csv,dead91
dead92.csv,schema.csv,dead92
dead93.csv,schema.csv,dead93
dead94.csv,schema.csv,dead94
dead95.csv,schema.csv,dead95
dead96.csv,schema.csv,dead96
dead97.csv,schema.csv,dead97
dead98.csv,schema.csv,dead98
dead99.csv,schema.csv,dead99
dead100.csv,schema.csv,dead100
dead101.csv,schema.csv,dead101
dead102.csv,schema.csv,dead102
dead103.csv,schema.csv,dead103
dead104.csv,schema.csv,dead104
dead105.csv,schema.csv,dead105
dead106.csv,schema.csv,dead106
